texto,categoria
"Construção de APIs REST com Ruby on Rails usando ActiveRecord e migrations para modelar dados relacionais.",Backend
"Implementação de autenticação JWT em Node.js com Express e middleware de autorização por roles.",Backend
"Otimização de consultas SQL com índices compostos e EXPLAIN ANALYZE para reduzir o tempo de resposta.",Backend
"Criação de endpoints GraphQL em Python com Graphene e Django para consultas flexíveis.",Backend
"Uso de Docker Compose para orquestrar microsserviços com PostgreSQL, Redis e Nginx.",Backend
"Implementação de WebSockets em Go para notificações em tempo real no backend.",Backend
"Cache distribuído com Redis e estratégias de expiração para APIs REST de alto throughput.",Backend
"Schema de banco de dados normalizado até 3FN para sistema de e-commerce.",Backend
"Migrações de banco com Alembic e SQLAlchemy para versionamento do schema em Python.",Backend
"Rate limiting e throttling em APIs REST com token bucket para proteção contra abuso.",Backend
"Construção de interfaces responsivas com React, TailwindCSS e componentes reutilizáveis.",Frontend
"Animações CSS com keyframes e transições para melhorar a experiência do usuário.",Frontend
"Gerenciamento de estado global com Redux Toolkit em aplicações React de grande escala.",Frontend
"Formulários complexos com validação em React Hook Form e Zod no frontend.",Frontend
"Carregamento lazy de imagens com Intersection Observer para melhorar performance.",Frontend
"Testes de componentes com React Testing Library e Jest para garantir qualidade do frontend.",Frontend
"Acessibilidade web com ARIA labels e navegação por teclado em componentes React.",Frontend
"Otimização de Core Web Vitals com lazy loading, code splitting e pré-carregamento.",Frontend
"Theme switching com CSS custom properties e contexto React para dark mode.",Frontend
"Renderização server-side com Next.js e SSR para melhorar SEO de aplicações React.",Frontend
"Pipeline CI/CD com GitHub Actions para deploy automatizado em Kubernetes.",DevOps & Infraestrutura
"Configuração de Terraform para provisionamento de infraestrutura na AWS com módulos reutilizáveis.",DevOps & Infraestrutura
"Monitoramento de aplicações com Prometheus e dashboards no Grafana para métricas em tempo real.",DevOps & Infraestrutura
"Dockerização de aplicação Rails com multi-stage builds e imagens otimizadas.",DevOps & Infraestrutura
"Gestão de logs centralizada com Loki e Promtail para troubleshooting em produção.",DevOps & Infraestrutura
"Configuração de load balancer com Nginx e upstreams para distribuição de tráfego.",DevOps & Infraestrutura
"Estratégias de backup e restore para PostgreSQL com WAL archiving e point-in-time recovery.",DevOps & Infraestrutura
"Infraestrutura como código com Ansible para configuração de servidores e deploys.",DevOps & Infraestrutura
"Gestão de secrets em produção com Vault e rotação automática de credenciais.",DevOps & Infraestrutura
"Configuração de VPC, subnets e security groups na AWS com Terraform para rede isolada.",DevOps & Infraestrutura
"Treinamento de modelo de classificação de texto com scikit-learn e TF-IDF para NLP.",Dados & ML
"Pipeline de ETL com Apache Airflow para extração, transformação e carga de dados diários.",Dados & ML
"Análise exploratória de dados com Pandas, Seaborn e Matplotlib para identificar padrões.",Dados & ML
"Modelo de regressão linear para previsão de vendas com validação cruzada e feature engineering.",Dados & ML
"Clusterização de clientes com K-Means e redução de dimensionalidade com PCA.",Dados & ML
"Processamento de linguagem natural com NLTK para remoção de stopwords e stemming em português.",Dados & ML
"Deploy de modelo de ML como microsserviço com FastAPI e Docker para produção.",Dados & ML
"Feature store com Redis para servir features em tempo real para modelos de ML.",Dados & ML
"Versionamento de datasets e modelos com DVC para reprodutibilidade em experimentos.",Dados & ML
"Detecção de anomalias em séries temporais com Isolation Forest para monitoramento de sistemas.",Dados & ML
"Desenvolvimento de aplicativo iOS com SwiftUI e Combine para gerenciamento de estado.",Mobile
"Criação de app Android com Kotlin e Jetpack Compose seguindo padrão MVVM.",Mobile
"Implementação de push notifications com Firebase Cloud Messaging em apps cross-platform.",Mobile
"Testes de UI em aplicativos mobile com Detox e Cypress para garantir fluxos críticos.",Mobile
"Consumo de APIs REST em apps Flutter com Dio e gerenciamento de estado com Riverpod.",Mobile
"Armazenamento local com SQLite e Room para dados offline em aplicativos Android.",Mobile
"Autenticação biométrica com FaceID e TouchID em apps iOS para segurança do usuário.",Mobile
"Animações em apps React Native com Reanimated e gestos com Gesture Handler.",Mobile
"Debugging de aplicativos mobile com Profiler e LeakCanary para identificar vazamentos de memória.",Mobile
"Arquitetura limpa com camadas de data, domain e presentation em apps Android.",Mobile
"Implementação de autenticação OAuth 2.0 com tokens JWT e refresh tokens para APIs.",Segurança
"Proteção contra SQL injection com prepared statements e ORM em aplicações web.",Segurança
"Configuração de HTTPS e SSL/TLS com Let's Encrypt para certificados gratuitos.",Segurança
"Políticas de CORS e CSP para prevenir ataques XSS e proteção de recursos.",Segurança
"Hash de senhas com bcrypt e salt para armazenamento seguro em banco de dados.",Segurança
"Implementação de RBAC com roles e permissões granulares para controle de acesso.",Segurança
"Análise de vulnerabilidades com OWASP ZAP e Trivy em pipelines CI/CD.",Segurança
"Proteção contra CSRF com tokens sincronizadores em formulários de aplicações web.",Segurança
"Auditoria de segurança com logs de acesso e ferramentas de SIEM para detecção de ameaças.",Segurança
"Segurança em APIs GraphQL com depth limiting, query cost analysis e autenticação.",Segurança
"Padrão CQRS com separação de comandos e consultas para escalabilidade em sistemas distribuídos.",Arquitetura & Design
"Arquitetura de microsserviços com comunicação assíncrona via mensageria RabbitMQ.",Arquitetura & Design
"Event sourcing com armazenamento de eventos em banco para reconstrução de estado.",Arquitetura & Design
"Design patterns em Java com Strategy, Observer e Factory para código reutilizável.",Arquitetura & Design
"Arquitetura hexagonal com portas e adaptadores para baixo acoplamento entre camadas.",Arquitetura & Design
"Documentação de APIs com OpenAPI/Swagger para contratos claros entre frontend e backend.",Arquitetura & Design
"Padrão Saga para transações distribuídas em microsserviços com coreografia e orquestração.",Arquitetura & Design
"Arquitetura serverless com AWS Lambda e API Gateway para funções sob demanda.",Arquitetura & Design
"Modelagem de domínio rico com DDD, aggregates e value objects em sistemas complexos.",Arquitetura & Design
"Padrão Repository para abstração de acesso a dados com interfaces e implementações concretas.",Arquitetura & Design
"Plano de carreira para desenvolvedores com roadmap de habilidades técnicas e comportamentais.",Carreira & Soft Skills
"Como escrever código limpo com nomes significativos, funções pequenas e sem comentários.",Carreira & Soft Skills
"Técnicas de code review construtivo para melhorar qualidade do código e colaboração do time.",Carreira & Soft Skills
"Comunicação eficaz em equipes ágeis com daily scrums e retrospectivas produtivas.",Carreira & Soft Skills
"Gestão de tempo com Pomodoro e priorização de tarefas para desenvolvedores.",Carreira & Soft Skills
"Preparação para entrevistas técnicas com algoritmos, system design e behavioral questions.",Carreira & Soft Skills
"Contribuição para open source como estratégia de aprendizado e networking profissional.",Carreira & Soft Skills
"Como lidar com dívida técnica e priorizar refatoração sem atrapalhar entregas.",Carreira & Soft Skills
"Desenvolvimento de liderança técnica com mentoria e disseminação de conhecimento no time.",Carreira & Soft Skills
"Equilíbrio entre vida profissional e pessoal para evitar burnout em tecnologia.",Carreira & Soft Skills
